category,keyword_score,recommendation_score,completeness_score,groundedness_score,overall_score
trend,0.16666666666666666,0.6042,1.0,0.03129004052593644,0.450546875
segmentation,0.27777777777777773,0.39585,1.0,0.04166351211208949,0.42882916666666665
recommendation,0.01171875,0.6042,1.0,0.04581298706261855,0.4154484375
pattern,0.0,0.6042,1.0,0.04581298706261855,0.41251875
comparison,0.0,0.6042,1.0,0.03129004052593644,0.40888437499999997
correlation,0.08333333333333333,0.3854375,1.0,0.0729513626709148,0.3854375
