category,keyword_score,recommendation_score,completeness_score,groundedness_score,overall_score
pattern,1.0,1.0,1.0,0.11666666666666665,0.77915
segmentation,0.7777777777777777,1.0,1.0,0.11666666666666665,0.7236166666666666
correlation,0.6666666666666666,1.0,1.0,0.11666666666666665,0.69585
recommendation,0.5416666666666666,1.0,1.0,0.11666666666666665,0.664575
comparison,0.3333333333333333,1.0,1.0,0.11666666666666665,0.6125
trend,0.3333333333333333,1.0,1.0,0.11666666666666665,0.6125
