model,keyword_score,recommendation_score,completeness_score,groundedness_score,overall_score
mistralai/mistral-7b-instruct,0.11979166666666666,0.5041899999999999,1.0,0.053151524405526125,0.41929375
meta-llama/llama-3.1-8b-instruct,0.11979166666666666,0.5041899999999999,1.0,0.049417652415252346,0.41835875
qwen/qwen-2.5-7b-instruct,0.11979166666666666,0.5041899999999999,1.0,0.045049986895010635,0.41726625
google/gemma-2-9b-it,0.11666666666666665,0.47919999999999996,1.0,0.04074575785134153,0.409165
