prompt_style,keyword_score,recommendation_score,completeness_score,groundedness_score,overall_score
basic,0.11666666666666665,0.5604425,1.0,0.04875213981126338,0.43148000000000003
executive,0.11666666666666665,0.5604425,1.0,0.047614153732422795,0.43118625
structured_json,0.11666666666666665,0.5604425,1.0,0.04652220861714347,0.43091999999999997
evidence_constrained,0.12604166666666666,0.31044249999999995,1.0,0.045476419406301004,0.37049750000000004
