prompt_style,keyword_score,recommendation_score,completeness_score,groundedness_score,overall_score
basic,0.6416666666666666,1.0,1.0,0.11666666666666665,0.689585
evidence_constrained,0.6416666666666666,1.0,1.0,0.11666666666666665,0.689585
executive,0.6416666666666666,1.0,1.0,0.11666666666666665,0.689585
structured_json,0.6416666666666666,1.0,1.0,0.11666666666666665,0.689585
