rag_enabled,keyword_score,recommendation_score,completeness_score,groundedness_score,overall_score
True,0.2,0.45418499999999995,1.0,0.09418246078356532,0.43709000000000003
False,0.03802083333333333,0.5417,1.0,0.0,0.394951875
